0,W,W,W
0,E,E,E
0,R,R,R
0,N,N,N
0,L,L,L
0,D,D,D
0,P,P,P
0,D,D,D
0,L,L,L
0,F,F,F
0,K,K,I
0,D,D,D
0,R,R,R
0,T,T,S
0,L,L,L
0,K,R,R
0,G,G,G
0,T,T,T
0,V,V,V
0,E,E,G
0,G,G,G
0,K,K,K
0,V,V,V
0,C,C,V
0,V,V,L
1,V,V,V
1,T,T,T
1,G,G,G
1,A,A,G
1,T,T,S
1,S,S,S
1,G,G,G
1,I,I,I
1,G,G,G
1,L,L,L
1,A,A,A
1,T,T,A
1,A,A,A
1,E,E,C
1,K,K,K
1,L,L,F
1,A,A,A
1,E,D,E
1,A,A,A
1,G,G,G
1,A,A,A
1,I,I,V
1,L,L,T
1,V,V,V
1,I,I,I
1,G,G,C
1,A,A,A
1,R,R,R
1,T,T,D
1,K,Q,A
1,E,E,D
1,T,T,K
1,L,L,L
1,D,D,D
1,E,Q,E
1,V,V,A
1,A,S,V
1,A,A,K
1,S,Q,E
1,L,L,I
1,E,N,K
1,A,A,A
1,-,-,F
1,-,-,A
1,-,-,G
1,K,R,K
1,G,G,E
1,G,A,A
1,N,D,R
1,V,V,V
1,H,H,F
1,A,A,S
1,Y,Y,Y
1,Q,Q,S
1,C,C,V
1,D,D,D
1,F,F,I
1,S,A,A
2,D,D,D
2,M,M,E
2,D,D,A
2,D,A,G
2,C,C,C
2,D,D,K
2,R,R,A
2,F,F,F
2,V,I,L
2,K,Q,E
2,T,T,A
2,V,V,L
2,L,S,Q
2,D,E,A
2,N,N,E
2,H,H,H
2,G,G,G
2,H,A,G
2,V,V,V
2,D,D,D
2,V,V,F
2,L,L,L
2,V,I,I
2,N,N,N
2,N,N,N
3,A,A,A
3,G,G,G
3,R,R,R
3,S,S,S
3,I,I,I
3,R,R,R
3,R,R,R
3,S,S,A
3,L,L,I
3,A,D,E
3,L,K,N
3,S,S,S
3,F,F,Y
3,D,D,E
3,R,R,R
3,F,F,F
3,H,H,H
3,D,D,D
3,F,F,F
3,E,E,E
3,R,R,R
3,T,T,T
3,M,M,M
3,Q,Q,Q
3,L,L,L
3,N,N,N
3,Y,Y,Y
4,F,F,F
4,G,G,G
4,S,S,C
4,V,L,L
4,R,R,R
4,L,L,V
4,I,I,T
4,M,M,M
4,G,G,G
4,F,F,V
4,A,A,L
4,P,P,P
4,A,A,G
4,M,M,M
4,L,L,V
4,E,E,A
4,R,R,K
4,R,R,R
4,R,R,K
4,G,G,G
4,H,H,H
4,V,I,V
4,V,I,V
4,N,N,N
4,I,I,I
4,S,S,S
4,S,S,S
4,I,I,I
4,G,G,G
4,V,V,V
4,L,L,L
4,T,T,T
4,N,N,N
4,A,S,A
4,P,P,P
4,R,R,R
4,F,F,F
4,S,S,S
4,A,A,A
4,Y,Y,Y
4,V,V,V
4,S,A,A
4,S,S,S
4,K,K,K
4,S,S,A
4,A,A,A
4,L,L,L
4,D,D,D
4,A,S,A
4,F,F,W
4,S,S,T
4,R,R,R
4,C,C,C
4,A,A,A
4,A,A,S
4,A,A,S
4,E,E,E
4,W,W,Y
4,S,S,A
4,D,D,D
4,R,R,T
4,N,R,G
4,V,V,I
4,T,C,S
4,F,F,F
5,T,T,T
5,T,T,T
5,I,I,I
5,N,N,N
5,M,M,M
5,P,P,P
5,L,L,L
5,V,V,V
5,K,K,R
5,T,T,T
5,P,P,P
5,M,M,M
5,I,I,I
5,A,A,A
5,P,P,P
5,T,T,T
5,K,K,K
5,I,I,I
5,Y,Y,Y
5,D,D,N
5,S,S,N
5,V,V,V
5,P,P,P
5,T,T,T
6,L,L,L
6,T,S,A
6,P,P,P
6,D,E,E
6,E,E,E
6,A,A,A
6,A,A,A
6,Q,D,D
6,M,M,M
6,V,V,I
6,A,V,A
6,D,N,Q
6,A,A,A
6,I,I,C
6,V,V,V
6,Y,Y,Y
6,R,R,K
6,P,P,P
6,K,K,V
6,R,R,R
6,I,I,I
6,A,A,A
6,T,T,T
6,R,R,R
6,L,M,L
6,G,G,G
6,V,V,T
6,F,F,A
6,A,A,G
6,Q,Q,Q
6,V,V,V
6,L,L,L
6,H,N,H
6,A,A,A
6,L,V,L
6,A,A,A
6,P,P,P
6,K,K,R
6,M,A,V
6,G,S,A
6,E,E,Q
6,I,I,I
6,I,L,V
6,M,M,M
6,N,N,N
6,T,T,T
6,G,G,S
6,Y,Y,F
6,R,K,R
6,M,M,M
7,F,F,F
7,P,P,P
7,D,D,D
7,S,S,S
7,P,M,E
7,A,P,A
7,A,K,A
7,A,K,K
7,G,G,G
7,S,K,E
7,K,E,K
7,S,V,-
7,G,S,G
7,E,A,A
7,K,E,K
7,P,K,P
7,K,G,Q
7,V,A,L
7,S,S,S
7,T,T,A
7,E,D,E
7,Q,Q,A
7,V,V,V
7,A,A,A
7,F,F,L
7,A,A,Q
7,A,A,Q
7,I,I,M
7,M,M,M
7,R,R,R
7,G,G,G
7,I,I,I
7,Y,H,H
7,W,W,F
